product_id;product_name;prezzoAcquisto;id;category;price;cost;costoproduzione_foodbev;costoproduzione_materiali;costoproduzione_extra;costoproduzione_personale;costoproduzione_struttura;costoproduzione_consumi
1;TONNO CON VERDURE;2,1;1;18;7;0,7;0,35;0,14;0,21;1,05;0,35;0,7
10;ORECCH. SPADA.POM.FR.;2,25;10;2;7,5;0,75;0,375;0,15;0,225;1,125;0,375;0,75
105;PICC. BIONDA;0,6;105;10;2;0,2;0,1;0,04;0,06;0,3;0,1;0,2
106;MEDIA BIONDA;1,2;106;10;4;0,4;0,2;0,08;0,12;0,6;0,2;0,4
107;BIONDA 1L;3;107;10;10;1;0,5;0,2;0,3;1,5;0,5;1
108;PICC. ROSSA;0,75;108;10;2,5;0,25;0,125;0,05;0,075;0,375;0,125;0,25
109;MEDIA ROSSA;1,35;109;10;4,5;0,45;0,225;0,09;0,135;0,675;0,225;0,45
11;AGNOLOTTI AL RAGU';1,95;11;2;6,5;0,65;0,325;0,13;0,195;0,975;0,325;0,65
110;ROSSA 1L;3;110;10;10;1;0,5;0,2;0,3;1,5;0,5;1
111;COCA COLA LATT.;0,6;111;10;2;0,2;0,1;0,04;0,06;0,3;0,1;0,2
112;SPRITE LATT.;0,6;112;10;2;0,2;0,1;0,04;0,06;0,3;0,1;0,2
113;FANTA LATT.;0,6;113;10;2;0,2;0,1;0,04;0,06;0,3;0,1;0,2
114;COCA PICC.;0,6;114;10;2;0,2;0,1;0,04;0,06;0,3;0,1;0,2
115;COCA MED.;1,2;115;10;4;0,4;0,2;0,08;0,12;0,6;0,2;0,4
116;ACQUA NAT.;0,45;116;10;1,5;0,15;0,075;0,03;0,045;0,225;0,075;0,15
117;ACQUA FRIZZ.;0,45;117;10;1,5;0,15;0,075;0,03;0,045;0,225;0,075;0,15
118;GAZZ. LURISIA;0,75;118;10;2,5;0,25;0,125;0,05;0,075;0,375;0,125;0,25
119;CHIN. LURISIA;0,75;119;10;2,5;0,25;0,125;0,05;0,075;0,375;0,125;0,25
120;AMARI;0,6;120;11;2;0,2;0,1;0,04;0,06;0,3;0,1;0,2
121;GRAPPE;0,75;121;11;2,5;0,25;0,125;0,05;0,075;0,375;0,125;0,25
122;WHISKY;1,2;122;11;4;0,4;0,2;0,08;0,12;0,6;0,2;0,4
123;CAFFE';0,3;123;;1;0,1;0,05;0,02;0,03;0,15;0,05;0,1
124;CAFFE' DEK;0,45;124;11;1,5;0,15;0,075;0,03;0,045;0,225;0,075;0,15
126;COPERTO;0,6;126;;2;0,2;0,1;0,04;0,06;0,3;0,1;0,2
127;****;0;127;3;0;0;0;0;0;0;0;0
128;POMODORO;0;136;12;0;0;0;0;0;0;0;0
129;MOZZARELLA;0;137;12;0;0;0;0;0;0;0;0
130;ORIGANO;0;138;12;0;0;0;0;0;0;0;0
131;STRACCHINO;0;139;12;0;0;0;0;0;0;0;0
132;RUCOLA;0;140;12;0;0;0;0;0;0;0;0
133;GAMBERETTI;0;141;12;0;0;0;0;0;0;0;0
134;SALSICCIA;0;142;12;0;0;0;0;0;0;0;0
135;FRIARIELLI;0;143;12;0;0;0;0;0;0;0;0
136;MOZZARELLA BUFALA;0;144;12;0;0;0;0;0;0;0;0
137;MANZO;0;145;12;0;0;0;0;0;0;0;0
138;BRIE;0;146;12;0;0;0;0;0;0;0;0
139;SPECK;0;147;12;0;0;0;0;0;0;0;0
14;RIS. SCOGLIO;3,15;14;2;10,5;1,05;0,525;0,21;0,315;1,575;0,525;1,05
140;GORGO;0;148;12;0;0;0;0;0;0;0;0
141;NOCI;0;149;12;0;0;0;0;0;0;0;0
142;FAGIOLI;0;150;12;0;0;0;0;0;0;0;0
143;BACON;0;151;12;0;0;0;0;0;0;0;0
144;CIPOLLA;0;152;12;0;0;0;0;0;0;0;0
145;OLIVE NERE;0;153;12;0;0;0;0;0;0;0;0
146;PATATINE FRITTE;0;154;12;0;0;0;0;0;0;0;0
147;ACCIUGHE;0;155;12;0;0;0;0;0;0;0;0
148;ORIGANO;0;156;12;0;0;0;0;0;0;0;0
149;CIPOLLE TROPEA;0;157;12;0;0;0;0;0;0;0;0
15;PAELLA;3,75;15;2;12,5;1,25;0,625;0,25;0,375;1,875;0,625;1,25
150;N'DUJA;0;158;12;0;0;0;0;0;0;0;0
152;PROSC. COTTO;0;160;12;0;0;0;0;0;0;0;0
153;FUNGHI;0;161;12;0;0;0;0;0;0;0;0
154;CARCIOFI;0;162;12;0;0;0;0;0;0;0;0
155;PROSC. CRUDO;0;163;12;0;0;0;0;0;0;0;0
156;FONTINA;0;164;12;0;0;0;0;0;0;0;0
157;BERNA;0;165;12;0;0;0;0;0;0;0;0
158;WURSTEL;0;166;12;0;0;0;0;0;0;0;0
159;PERE;0;167;12;0;0;0;0;0;0;0;0
160;UOVO;0;168;12;0;0;0;0;0;0;0;0
161;AGLIO;0;169;12;0;0;0;0;0;0;0;0
162;PREZZEMOLO;0;170;12;0;0;0;0;0;0;0;0
164;TOMINO;0;172;12;0;0;0;0;0;0;0;0
165;PEPERONCINO;0;173;12;0;0;0;0;0;0;0;0
166;LARDO;0;174;12;0;0;0;0;0;0;0;0
167;BASILICO;0;175;12;0;0;0;0;0;0;0;0
168;MELANZANE;0;176;12;0;0;0;0;0;0;0;0
169;ASPARAGI;0;177;12;0;0;0;0;0;0;0;0
17;SCALOP. PORC.;2,25;17;3;7,5;0,75;0,375;0,15;0,225;1,125;0,375;0,75
171;SUGO;0;179;19;0;0;0;0;0;0;0;0
173;CAPRINO;2,1;181;18;7;0,7;0,35;0,14;0,21;1,05;0,35;0,7
176;MAIS;0;187;12;0;0;0;0;0;0;0;0
178;B.C;0;189;12;0;0;0;0;0;0;0;0
179;BRESAOLA;0;190;12;0;0;0;0;0;0;0;0
18;SCALOP. VINO;1,8;18;3;6;0,6;0,3;0,12;0,18;0,9;0,3;0,6
180;CAPPERI;0;191;12;0;0;0;0;0;0;0;0
181;DIV.2PIATTI;0;192;12;0;0;0;0;0;0;0;0
182;DOPO COTTURA;0;193;12;0;0;0;0;0;0;0;0
183;DOPPIO IMPASTO;0;194;12;0;0;0;0;0;0;0;0
184;GRANA;0;195;12;0;0;0;0;0;0;0;0
185;META E META;0;196;12;0;0;0;0;0;0;0;0
186;OLIO PICC.;0;197;12;0;0;0;0;0;0;0;0
187;PANNA;0;198;12;0;0;0;0;0;0;0;0
188;PATATE LESSE;0;199;12;0;0;0;0;0;0;0;0
189;PEPERONI;0;200;12;0;0;0;0;0;0;0;0
19;COSTATA;3;19;3;10;1;0,5;0,2;0,3;1,5;0,5;1
190;POC.CIP;0;201;12;0;0;0;0;0;0;0;0
191;POCO COTT.;0;202;12;0;0;0;0;0;0;0;0
192;POCA MOZZ.;0;203;12;0;0;0;0;0;0;0;0
193;POCO PICC.;0;204;12;0;0;0;0;0;0;0;0
194;POCO POM.;0;205;12;0;0;0;0;0;0;0;0
195;POM.FR.;0;206;12;0;0;0;0;0;0;0;0
196;PORC.;0;207;12;0;0;0;0;0;0;0;0
197;RINFORZO;0;208;12;0;0;0;0;0;0;0;0
198;SAL.CINGH.;0;209;12;0;0;0;0;0;0;0;0
199;SAL.DOLCE;0;210;12;0;0;0;0;0;0;0;0
2;ANTIP. MISTO;3;2;18;10;1;0,5;0,2;0,3;1,5;0,5;1
20;FILETTO PIASTRA;4,05;20;3;13,5;1,35;0,675;0,27;0,405;2,025;0,675;1,35
200;SAL.PICC.;0;211;12;0;0;0;0;0;0;0;0
201;SOTTILE;0;212;12;0;0;0;0;0;0;0;0
203;TAGLIATA;0;214;12;0;0;0;0;0;0;0;0
204;TONNO;0;215;12;0;0;0;0;0;0;0;0
206;ZUCCHINE;0;217;12;0;0;0;0;0;0;0;0
207;ABB.;0;218;19;0;0;0;0;0;0;0;0
208;AGLIO;0;219;19;0;0;0;0;0;0;0;0
209;AL DENTE;0;220;19;0;0;0;0;0;0;0;0
21;FIL. PEPE VERDE;4,35;21;3;14,5;1,45;0,725;0,29;0,435;2,175;0,725;1,45
210;ASPARAGI;0;221;19;0;0;0;0;0;0;0;0
211;BASILICO;0;222;19;0;0;0;0;0;0;0;0
212;BURRO;0;223;19;0;0;0;0;0;0;0;0
213;CIPOLLA;0;224;19;0;0;0;0;0;0;0;0
214;COZZE;0;225;19;0;0;0;0;0;0;0;0
215;DIV.2.PIATTI;0;226;19;0;0;0;0;0;0;0;0
216;GAMBERETTI;0;227;19;0;0;0;0;0;0;0;0
217;ORECCHIETTE;0;228;19;0;0;0;0;0;0;0;0
218;PANNA;0;229;19;0;0;0;0;0;0;0;0
219;PENNE;0;230;19;0;0;0;0;0;0;0;0
22;FIL. FUNGHI PORC.;4,5;22;3;15;1,5;0,75;0,3;0,45;2,25;0,75;1,5
220;PICCANTE;0;231;19;0;0;0;0;0;0;0;0
221;AGNOLOTTI;0;232;19;0;0;0;0;0;0;0;0
222;POCO;0;233;19;0;0;0;0;0;0;0;0
223;POCO PICC.;0;234;19;0;0;0;0;0;0;0;0
224;POCO.POMO.;0;235;19;0;0;0;0;0;0;0;0
225;POMO.FR.;0;236;19;0;0;0;0;0;0;0;0
226;POMODORO;0;237;19;0;0;0;0;0;0;0;0
227;PORCINI;0;238;19;0;0;0;0;0;0;0;0
228;PREZZEMOLO;0;239;19;0;0;0;0;0;0;0;0
229;PROSCIUTTO;0;240;19;0;0;0;0;0;0;0;0
23;MILANESE;1,95;23;3;6,5;0,65;0,325;0,13;0,195;0,975;0,325;0,65
230;SPAGHETTI;0;241;19;0;0;0;0;0;0;0;0
231;TAGLIATELLE;0;242;19;0;0;0;0;0;0;0;0
232;VONGOLE;0;243;19;0;0;0;0;0;0;0;0
233;ZAFFERANO;0;244;19;0;0;0;0;0;0;0;0
234;ZUCCHINE;0;245;19;0;0;0;0;0;0;0;0
235;BERNA;0;246;19;0;0;0;0;0;0;0;0
236;FONTINA;0;247;19;0;0;0;0;0;0;0;0
237;GORGO;0;248;19;0;0;0;0;0;0;0;0
238;MELANZANE;0;249;19;0;0;0;0;0;0;0;0
239;PEPERONI;0;250;19;0;0;0;0;0;0;0;0
24;BRANZ. LIGURE;3,45;24;3;11,5;1,15;0,575;0,23;0,345;1,725;0,575;1,15
240;PAT.LESSE;0;251;19;0;0;0;0;0;0;0;0
241;SALE;0;252;19;0;0;0;0;0;0;0;0
242;OLIO;0;253;19;0;0;0;0;0;0;0;0
243;POMODORI;0;254;19;0;0;0;0;0;0;0;0
244;TONNO;0;255;19;0;0;0;0;0;0;0;0
245;OLIVE;0;256;19;0;0;0;0;0;0;0;0
246;OLIVE.TAGG;0;257;19;0;0;0;0;0;0;0;0
248;RUCOLA;0;259;19;0;0;0;0;0;0;0;0
249;IN VASSOIO;0;260;19;0;0;0;0;0;0;0;0
25;FRITTO MIX;3,6;25;3;12;1,2;0,6;0,24;0,36;1,8;0,6;1,2
251;SANGUE;0;262;19;0;0;0;0;0;0;0;0
252;MEDIA;0;263;19;0;0;0;0;0;0;0;0
253;BEN COTTO;0;264;19;0;0;0;0;0;0;0;0
254;PEPE VERDE;0;265;19;0;0;0;0;0;0;0;0
255;PINOLI;0;266;19;0;0;0;0;0;0;0;0
256;RINF GAMBERONI;0;267;19;0;0;0;0;0;0;0;0
257;BRANZINO;0;268;19;0;0;0;0;0;0;0;0
258;SPADA;0;269;19;0;0;0;0;0;0;0;0
259;SPIED. CALAMARI;0;270;19;0;0;0;0;0;0;0;0
26;GUAZZETTO COZZE VOLGOLE;2,7;26;3;9;0,9;0,45;0,18;0,27;1,35;0,45;0,9
260;SPIGOLA;2,1;271;12;7;0,7;0,35;0,14;0,21;1,05;0,35;0,7
261;MANZO;2,1;272;18;7;0,7;0,35;0,14;0,21;1,05;0,35;0,7
262;CONIGLIO;2,1;273;18;7;0,7;0,35;0,14;0,21;1,05;0,35;0,7
263;GRANA;0;274;19;0;0;0;0;0;0;0;0
264;NOCI;0;275;19;0;0;0;0;0;0;0;0
267;BUNET;1,05;278;7;3,5;0,35;0,175;0,07;0,105;0,525;0,175;0,35
268;CREM CARAMEL;1,05;279;7;3,5;0,35;0,175;0,07;0,105;0,525;0,175;0,35
27;SPADA PIASTRA;2,55;27;3;8,5;0,85;0,425;0,17;0,255;1,275;0,425;0,85
272;SORBETTO;0,9;283;7;3;0,3;0,15;0,06;0,09;0,45;0,15;0,3
273;AFFOGATO;1,2;284;7;4;0,4;0,2;0,08;0,12;0,6;0,2;0,4
274;BARBERA D'ALBA;3,6;285;15;12;1,2;0,6;0,24;0,36;1,8;0,6;1,2
275;LE MASCHE BAR;4,05;286;15;13,5;1,35;0,675;0,27;0,405;2,025;0,675;1,35
276;DOLCETTO;3,6;287;15;12;1,2;0,6;0,24;0,36;1,8;0,6;1,2
277;NEBBIOLO;4,5;288;15;15;1,5;0,75;0,3;0,45;2,25;0,75;1,5
278;PELAVERGA;4,5;289;15;15;1,5;0,75;0,3;0,45;2,25;0,75;1,5
279;AVANA';3,9;290;15;13;1,3;0,65;0,26;0,39;1,95;0,65;1,3
280;BARBARESCO;7,5;291;15;25;2,5;1,25;0,5;0,75;3,75;1,25;2,5
281;BRUCIATO;6,6;292;15;22;2,2;1,1;0,44;0,66;3,3;1,1;2,2
283;SHERAZADE;4,5;294;15;15;1,5;0,75;0,3;0,45;2,25;0,75;1,5
286;LE MASCHE CHARDONNAY;4,05;297;16;13,5;1,35;0,675;0,27;0,405;2,025;0,675;1,35
287;ARNEIS;3,75;298;16;12,5;1,25;0,625;0,25;0,375;1,875;0,625;1,25
288;GEWURZTRAMINER;4,5;299;16;15;1,5;0,75;0,3;0,45;2,25;0,75;1,5
29;GRIGL. DI PESCE;4,2;29;3;14;1,4;0,7;0,28;0,42;2,1;0,7;1,4
290;DE VITE;3,6;301;16;12;1,2;0,6;0,24;0,36;1,8;0,6;1,2
293;VIGNA DI GABRI;4,5;304;16;15;1,5;0,75;0,3;0,45;2,25;0,75;1,5
294;LA FUGA;4,05;305;16;13,5;1,35;0,675;0,27;0,405;2,025;0,675;1,35
295;LIGHEA;3,9;306;16;13;1,3;0,65;0,26;0,39;1,95;0,65;1,3
296;POLENA;3,75;307;16;12,5;1,25;0,625;0,25;0,375;1,875;0,625;1,25
297;PROSECCO;4,2;308;16;14;1,4;0,7;0,28;0,42;2,1;0,7;1,4
3;MISTO MARE;2,1;3;18;7;0,7;0,35;0,14;0,21;1,05;0,35;0,7
30;ARROSTICINI;3;30;3;10;1;0,5;0,2;0,3;1,5;0,5;1
300;SUPER;3,6;311;9;12;1,2;0,6;0,24;0,36;1,8;0,6;1,2
301;WAYAN;3,6;312;9;12;1,2;0,6;0,24;0,36;1,8;0,6;1,2
302;OPEN;3,6;313;9;12;1,2;0,6;0,24;0,36;1,8;0,6;1,2
303;NORA;3,6;314;9;12;1,2;0,6;0,24;0,36;1,8;0,6;1,2
304;NAZIONALE;3,3;315;9;11;1,1;0,55;0,22;0,33;1,65;0,55;1,1
305;BLANCHE;2,7;316;9;9;0,9;0,45;0,18;0,27;1,35;0,45;0,9
308;DOLCE 1;1,05;319;7;3,5;0,35;0,175;0,07;0,105;0,525;0,175;0,35
309;DOLCE 2;1,05;320;7;3,5;0,35;0,175;0,07;0,105;0,525;0,175;0,35
31;FRITTO CALAMARI;2,7;31;3;9;0,9;0,45;0,18;0,27;1,35;0,45;0,9
310;MERINGA;1,05;322;7;3,5;0,35;0,175;0,07;0,105;0,525;0,175;0,35
311;CAFFE MAC CALDO;0,3;323;11;1;0,1;0,05;0,02;0,03;0,15;0,05;0,1
312;CAFFE MAC FREDDO;0,3;324;11;1;0,1;0,05;0,02;0,03;0,15;0,05;0,1
313;CORR GRAPPA;0,45;325;11;1,5;0,15;0,075;0,03;0,045;0,225;0,075;0,15
314;CORR BAYLES;0,45;326;11;1,5;0,15;0,075;0,03;0,045;0,225;0,075;0,15
315;CORR FERNET;0,45;327;11;1,5;0,15;0,075;0,03;0,045;0,225;0,075;0,15
316;CORR VECCHIA;0,45;328;11;1,5;0,15;0,075;0,03;0,045;0,225;0,075;0,15
317;CORR SAMBUCA;0,45;329;11;1,5;0,15;0,075;0,03;0,045;0,225;0,075;0,15
318;DEK MACC FREDDO;0,45;330;11;1,5;0,15;0,075;0,03;0,045;0,225;0,075;0,15
319;DEK MACC CALDO;0,45;331;11;1,5;0,15;0,075;0,03;0,045;0,225;0,075;0,15
32;PAT. FRITTE;0,9;32;4;3;0,3;0,15;0,06;0,09;0,45;0,15;0,3
320;ORZO PICCOLO;0,45;332;11;1,5;0,15;0,075;0,03;0,045;0,225;0,075;0,15
322;ORZO GRANDE;0,45;334;11;1,5;0,15;0,075;0,03;0,045;0,225;0,075;0,15
323;GINSENG;0,45;335;11;1,5;0,15;0,075;0,03;0,045;0,225;0,075;0,15
324;CAPPUCCINO;0,45;336;;1,5;0,15;0,075;0,03;0,045;0,225;0,075;0,15
325;CAFFE SCHIUMATO;0,3;337;11;1;0,1;0,05;0,02;0,03;0,15;0,05;0,1
326;CAFFE RISTRETTO;0,3;338;11;1;0,1;0,05;0,02;0,03;0,15;0,05;0,1
327;CAFFE LUNGO;0,3;339;11;1;0,1;0,05;0,02;0,03;0,15;0,05;0,1
328;CAFFE DOPPIO;0,6;340;11;2;0,2;0,1;0,04;0,06;0,3;0,1;0,2
329;CAFFE AMERICANO;0,45;341;11;1,5;0,15;0,075;0,03;0,045;0,225;0,075;0,15
33;INS. VERDE;0,9;33;4;3;0,3;0,15;0,06;0,09;0,45;0,15;0,3
330;CANARINO;0,3;342;11;1;0,1;0,05;0,02;0,03;0,15;0,05;0,1
331;AVERNA;0,6;343;11;2;0,2;0,1;0,04;0,06;0,3;0,1;0,2
332;RAMAZZOTTI;0,6;344;11;2;0,2;0,1;0,04;0,06;0,3;0,1;0,2
333;LUCANO;0,6;345;11;2;0,2;0,1;0,04;0,06;0,3;0,1;0,2
334;BRAULIO;0,6;346;11;2;0,2;0,1;0,04;0,06;0,3;0,1;0,2
335;CYNAR;0,6;347;11;2;0,2;0,1;0,04;0,06;0,3;0,1;0,2
336;RABARBARO;0,6;348;11;2;0,2;0,1;0,04;0,06;0,3;0,1;0,2
337;PETRUS;0,6;349;11;2;0,2;0,1;0,04;0,06;0,3;0,1;0,2
338;UNICUM;0,6;350;11;2;0,2;0,1;0,04;0,06;0,3;0,1;0,2
339;NOCCIOLINO;0,6;351;11;2;0,2;0,1;0,04;0,06;0,3;0,1;0,2
34;INSAL. POMOD.;0,9;34;4;3;0,3;0,15;0,06;0,09;0,45;0,15;0,3
340;JAGER;0,6;352;11;2;0,2;0,1;0,04;0,06;0,3;0,1;0,2
341;BRANCA MENTA;0,6;353;11;2;0,2;0,1;0,04;0,06;0,3;0,1;0,2
342;FERNET;0,6;354;11;2;0,2;0,1;0,04;0,06;0,3;0,1;0,2
343;MONTENEGRO;0,6;355;11;2;0,2;0,1;0,04;0,06;0,3;0,1;0,2
344;SAN SIMONE;0,6;356;11;2;0,2;0,1;0,04;0,06;0,3;0,1;0,2
345;GENEPY;0,6;357;11;2;0,2;0,1;0,04;0,06;0,3;0,1;0,2
346;SAMBUCA;0,6;358;11;2;0,2;0,1;0,04;0,06;0,3;0,1;0,2
347;GRAPPA MORBIDA;0,75;359;11;2,5;0,25;0,125;0,05;0,075;0,375;0,125;0,25
348;GRAPPA SECCA;0,75;360;11;2,5;0,25;0,125;0,05;0,075;0,375;0,125;0,25
349;GRAPPA GIALLA;0,75;361;11;2,5;0,25;0,125;0,05;0,075;0,375;0,125;0,25
35;INSALATA MIX;1,05;35;4;3,5;0,35;0,175;0,07;0,105;0,525;0,175;0,35
350;GRAPPA MOSCATO;0,75;362;11;2,5;0,25;0,125;0,05;0,075;0,375;0,125;0,25
351;GRAPPA AROMATICA;0,75;363;11;2,5;0,25;0,125;0,05;0,075;0,375;0,125;0,25
352;LIMONCELLO;0,6;364;11;2;0,2;0,1;0,04;0,06;0,3;0,1;0,2
353;MIRTO;0,6;365;11;2;0,2;0,1;0,04;0,06;0,3;0,1;0,2
354;CHINA CALDA;0,6;366;11;2;0,2;0,1;0,04;0,06;0,3;0,1;0,2
355;CAMPARI SODA;0,6;367;11;2;0,2;0,1;0,04;0,06;0,3;0,1;0,2
356;BITTER;0,6;368;11;2;0,2;0,1;0,04;0,06;0,3;0,1;0,2
357;CRODINO;0,6;369;11;2;0,2;0,1;0,04;0,06;0,3;0,1;0,2
358;APEROL;0,6;370;11;2;0,2;0,1;0,04;0,06;0,3;0,1;0,2
359;MARTINI BIANCO;0,6;371;11;2;0,2;0,1;0,04;0,06;0,3;0,1;0,2
36;INSALATONA;1,65;36;4;5,5;0,55;0,275;0,11;0,165;0,825;0,275;0,55
360;MARTINI ROSSO;0,6;372;11;2;0,2;0,1;0,04;0,06;0,3;0,1;0,2
361;GIN;0,6;373;11;2;0,2;0,1;0,04;0,06;0,3;0,1;0,2
362;PUNCH;0,6;374;11;2;0,2;0,1;0,04;0,06;0,3;0,1;0,2
363;CHIVAS;1,05;375;11;3,5;0,35;0,175;0,07;0,105;0,525;0,175;0,35
364;GRAND MARNIER;0,6;376;11;2;0,2;0,1;0,04;0,06;0,3;0,1;0,2
365;JACK;1,2;377;11;4;0,4;0,2;0,08;0,12;0,6;0,2;0,4
366;PAMPERO;0,9;378;11;3;0,3;0,15;0,06;0,09;0,45;0,15;0,3
367;VECCHIA;0,75;379;11;2,5;0,25;0,125;0,05;0,075;0,375;0,125;0,25
368;HAVANA;0,75;380;11;2,5;0,25;0,125;0,05;0,075;0,375;0,125;0,25
369;COURVOISIER;1,2;381;11;4;0,4;0,2;0,08;0,12;0,6;0,2;0,4
37;VERD. GRIGL.;1,65;37;4;5,5;0,55;0,275;0,11;0,165;0,825;0,275;0,55
370;SAPIN;0,6;382;11;2;0,2;0,1;0,04;0,06;0,3;0,1;0,2
371;LIQUIRIZIA;0,6;383;11;2;0,2;0,1;0,04;0,06;0,3;0,1;0,2
372;RUM CAFE;0,6;384;11;2;0,2;0,1;0,04;0,06;0,3;0,1;0,2
374;BABY POMODORO;0,9;386;29;3;0,3;0,15;0,06;0,09;0,45;0,15;0,3
377;BABY WURSTEL;1,35;389;29;4,5;0,45;0,225;0,09;0,135;0,675;0,225;0,45
379;BABY SALSICCIA;1,35;391;29;4,5;0,45;0,225;0,09;0,135;0,675;0,225;0,45
38;CALZ. PROSC.;1,65;38;5;5,5;0,55;0,275;0,11;0,165;0,825;0,275;0,55
381;BABY STRACCHINO;1,35;393;29;4,5;0,45;0,225;0,09;0,135;0,675;0,225;0,45
383;BABY FOCACCIA;0,75;395;29;2,5;0,25;0,125;0,05;0,075;0,375;0,125;0,25
385;GORGO;1,65;397;6;5,5;0,55;0,275;0,11;0,165;0,825;0,275;0,55
386;SALSICCIA;1,65;398;6;5,5;0,55;0,275;0,11;0,165;0,825;0,275;0,55
387;SALAME COTTO;1,8;399;6;6;0,6;0,3;0,12;0,18;0,9;0,3;0,6
388;CRUDO;1,95;400;6;6,5;0,65;0,325;0,13;0,195;0,975;0,325;0,65
389;MELANZANE;1,5;401;6;5;0,5;0,25;0,1;0,15;0,75;0,25;0,5
39;CALZ. FARCITO;2,25;39;5;7,5;0,75;0,375;0,15;0,225;1,125;0,375;0,75
390;SOLO POMO;0,9;402;6;3;0,3;0,15;0,06;0,09;0,45;0,15;0,3
391;CARCIOFINI;1,65;403;6;5,5;0,55;0,275;0,11;0,165;0,825;0,275;0,55
392;FRIARIELLI;0;404;12;0;0;0;0;0;0;0;0
393;ZUCCHERO A VELO;0;405;17;0;0;0;0;0;0;0;0
394;TOPPING;0;406;17;0;0;0;0;0;0;0;0
395;PANNA;0;407;17;0;0;0;0;0;0;0;0
396;CUCCHIAINO;0;408;17;0;0;0;0;0;0;0;0
397;CACAO;0;409;17;0;0;0;0;0;0;0;0
398;VODKA;0;410;17;0;0;0;0;0;0;0;0
399;WHISKEY;0;411;17;0;0;0;0;0;0;0;0
4;MISTO TERRA;2,1;4;18;7;0,7;0,35;0,14;0,21;1,05;0,35;0,7
40;CALZ. INV.;2,1;40;5;7;0,7;0,35;0,14;0,21;1,05;0,35;0,7
405;CAFFE;0;417;17;0;0;0;0;0;0;0;0
406;PANACHE MEDIA;1,2;418;10;4;0,4;0,2;0,08;0,12;0,6;0,2;0,4
408;PANACHE PICC.;0,6;420;10;2;0,2;0,1;0,04;0,06;0,3;0,1;0,2
409;----GHIACCIO----;0;421;10;0;0;0;0;0;0;0;0
41;FOC. SPECK;1,35;41;5;4,5;0,45;0,225;0,09;0,135;0,675;0,225;0,45
410;----BICCHIERE----;0;422;10;0;0;0;0;0;0;0;0
411;----LIMONE----;0;423;10;0;0;0;0;0;0;0;0
412;----FUORI FRIGO----;0;424;10;0;0;0;0;0;0;0;0
413;PATATE LESSE;0,9;425;4;3;0,3;0,15;0,06;0,09;0,45;0,15;0,3
414;PEPERONI;0,9;426;4;3;0,3;0,15;0,06;0,09;0,45;0,15;0,3
415;ZUCCHINE;0,9;427;4;3;0,3;0,15;0,06;0,09;0,45;0,15;0,3
416;MELANZANE;0,9;428;4;3;0,3;0,15;0,06;0,09;0,45;0,15;0,3
417;CIPOLLA;1,5;429;6;5;0,5;0,25;0,1;0,15;0,75;0,25;0,5
418;FOCACCIA BIANCA;0,9;430;5;3;0,3;0,15;0,06;0,09;0,45;0,15;0,3
419;PEPE;0;431;19;0;0;0;0;0;0;0;0
42;FOC. LARDO;1,35;42;5;4,5;0,45;0,225;0,09;0,135;0,675;0,225;0,45
420;PICCANTE;0;432;12;0;0;0;0;0;0;0;0
422;TORTA NOSTRA;0,9;434;7;3;0,3;0,15;0,06;0,09;0,45;0,15;0,3
423;AFFETTATO MIX.;1,5;435;18;5;0,5;0,25;0,1;0,15;0,75;0,25;0,5
424;AFF. CRUDO;1,5;436;18;5;0,5;0,25;0,1;0,15;0,75;0,25;0,5
425;AFF. COTTO;0,9;437;18;3;0,3;0,15;0,06;0,09;0,45;0,15;0,3
426;CRUDO BUFALA;2,1;438;18;7;0,7;0,35;0,14;0,21;1,05;0,35;0,7
427;CAPRESE;1,5;439;18;5;0,5;0,25;0,1;0,15;0,75;0,25;0,5
428;BRUSCHETTA;0,9;440;18;3;0,3;0,15;0,06;0,09;0,45;0,15;0,3
429;COLA BALADIN;0,75;441;10;2,5;0,25;0,125;0,05;0,075;0,375;0,125;0,25
43;FOC. CRUDO;1,5;43;5;5;0,5;0,25;0,1;0,15;0,75;0,25;0,5
430;CEDRATA BALADIN!!!!!!!!!!;0,75;442;10;2,5;0,25;0,125;0,05;0,075;0,375;0,125;0,25
44;FOC. PAT.;1,2;44;5;4;0,4;0,2;0,08;0,12;0,6;0,2;0,4
442;ORECCH. POMODORO;1,5;456;2;5;0,5;0,25;0,1;0,15;0,75;0,25;0,5
443;*LIMONE;0;457;17;0;0;0;0;0;0;0;0
444;*CREMA;0;458;17;0;0;0;0;0;0;0;0
445;*CIOCCOLATO;0;459;17;0;0;0;0;0;0;0;0
446;*FRAGOLA;0;460;17;0;0;0;0;0;0;0;0
447;*NOCCIOLA;0;461;17;0;0;0;0;0;0;0;0
449;GELATOMIX;1,05;463;7;3,5;0,35;0,175;0,07;0,105;0,525;0,175;0,35
45;FOC. POM.FR;1,35;45;5;4,5;0,45;0,225;0,09;0,135;0,675;0,225;0,45
450;GEL.LIMONE;1,05;464;7;3,5;0,35;0,175;0,07;0,105;0,525;0,175;0,35
451;GEL.CREMA;1,05;465;7;3,5;0,35;0,175;0,07;0,105;0,525;0,175;0,35
452;GEL.NOCCIOLA;1,05;466;7;3,5;0,35;0,175;0,07;0,105;0,525;0,175;0,35
453;GEL.CIOCCOL;1,05;467;7;3,5;0,35;0,175;0,07;0,105;0,525;0,175;0,35
454;GEL.FRAGOLA;1,05;468;7;3,5;0,35;0,175;0,07;0,105;0,525;0,175;0,35
455;PROSC.COTTO;0;469;12;0;0;0;0;0;0;0;0
456;SPECK;1,65;470;3;5,5;0,55;0,275;0,11;0,165;0,825;0,275;0,55
457;1/2 L SANGRIA;1,2;471;15;4;0,4;0,2;0,08;0,12;0,6;0,2;0,4
458;1 L SANGRIA;2,4;472;8;8;0,8;0,4;0,16;0,24;1,2;0,4;0,8
459;+++GHIACCIO+++;0;473;11;0;0;0;0;0;0;0;0
46;FOC. MICKY;1,65;46;5;5,5;0,55;0,275;0,11;0,165;0,825;0,275;0,55
460;+++MACC CALDO+++;0;474;11;0;0;0;0;0;0;0;0
461;+++MACC FREDDO+++;0;475;11;0;0;0;0;0;0;0;0
463;+++CALDO A PARTE+++;0;477;11;0;0;0;0;0;0;0;0
464;+++FREDDO A PARTE+++;0;478;11;0;0;0;0;0;0;0;0
465;+++ZUCCHERO+++;0;479;11;0;0;0;0;0;0;0;0
466;+++CANNA+++;0;480;11;0;0;0;0;0;0;0;0
467;+++DOLCIFICANTE+++;0;481;11;0;0;0;0;0;0;0;0
47;MARGHERITA;1,2;47;6;4;0,4;0,2;0,08;0,12;0,6;0,2;0,4
470;SELVA NERA;1,05;484;7;3,5;0,35;0,175;0,07;0,105;0,525;0,175;0,35
471;1 PALLA GELATO;0,3;485;7;1;0,1;0,05;0,02;0,03;0,15;0,05;0,1
472;STRACCHINO;1,65;486;6;5,5;0,55;0,275;0,11;0,165;0,825;0,275;0,55
473;MENABREA;1,05;487;10;3,5;0,35;0,175;0,07;0,105;0,525;0,175;0,35
474;+++BOCCALE+++;0;488;10;0;0;0;0;0;0;0;0
477;AMARO DEL CAPO;0,6;491;11;2;0,2;0,1;0,04;0,06;0,3;0,1;0,2
478;+++CARAFFA+++;0;492;10;0;0;0;0;0;0;0;0
479;FOR ENGLAND;7,2;493;16;24;2,4;1,2;0,48;0,72;3,6;1,2;2,4
48;STRACCH.GAMB.RUCOLA;2,25;48;6;7,5;0,75;0,375;0,15;0,225;1,125;0,375;0,75
480;FOR ENGLAND ROSE;7,5;494;16;25;2,5;1,25;0,5;0,75;3,75;1,25;2,5
481;CONTRATTO MILL...;6;495;16;20;2;1;0,4;0,6;3;1;2
482;GINSENG TAZZ. GRANDE;0,75;496;11;2,5;0,25;0,125;0,05;0,075;0,375;0,125;0,25
484;MAIS;0;498;19;0;0;0;0;0;0;0;0
486;+++ SECONDA USCITA+++;0;500;21;0;0;0;0;0;0;0;0
488;CESTINI;1,05;502;7;3,5;0,35;0,175;0,07;0,105;0,525;0,175;0,35
489;T.CAROTE;1,05;503;7;3,5;0,35;0,175;0,07;0,105;0,525;0,175;0,35
49;SALSICCIA E FRIARELLI;2,1;49;6;7;0,7;0,35;0,14;0,21;1,05;0,35;0,7
494;SEPPIE;0;508;19;0;0;0;0;0;0;0;0
495;TONNO;0;509;19;0;0;0;0;0;0;0;0
496;BRESAOLA;0;510;19;0;0;0;0;0;0;0;0
497;VIT.TONN.;0;511;19;0;0;0;0;0;0;0;0
498;MACEDONIA;1,05;512;7;3,5;0,35;0,175;0,07;0,105;0,525;0,175;0,35
499;PANNA COTTA NUT.;1,05;515;7;3,5;0,35;0,175;0,07;0,105;0,525;0,175;0,35
5;SCOGLIO;3,15;5;2;10,5;1,05;0,525;0,21;0,315;1,575;0,525;1,05
50;SFIZIOSA;2,4;50;6;8;0,8;0,4;0,16;0,24;1,2;0,4;0,8
500;PANNA COTTA FRAGOLA;1,05;516;7;3,5;0,35;0,175;0,07;0,105;0,525;0,175;0,35
501;T.ZABA;1,05;517;7;3,5;0,35;0,175;0,07;0,105;0,525;0,175;0,35
502;BLACK AND WHITE;1,05;518;7;3,5;0,35;0,175;0,07;0,105;0,525;0,175;0,35
503;STRUDEL;1,05;519;7;3,5;0,35;0,175;0,07;0,105;0,525;0,175;0,35
504;CRAMBLE MELA;1,05;520;7;3,5;0,35;0,175;0,07;0,105;0,525;0,175;0,35
505;TRIS;1,05;521;7;3,5;0,35;0,175;0,07;0,105;0,525;0,175;0,35
506;ACCIUGHE AL VERDE;2,1;522;18;7;0,7;0,35;0,14;0,21;1,05;0,35;0,7
507;TIRAMISU FRAGOLE;1,05;523;7;3,5;0,35;0,175;0,07;0,105;0,525;0,175;0,35
508;ZABAIONE;1,05;524;7;3,5;0,35;0,175;0,07;0,105;0,525;0,175;0,35
509;PASTA IN BIANCO;1,5;525;2;5;0,5;0,25;0,1;0,15;0,75;0,25;0,5
51;SPECK E BRIE;2,1;51;6;7;0,7;0,35;0,14;0,21;1,05;0,35;0,7
510;BRANZINO PIASTRA;3,3;526;3;11;1,1;0,55;0,22;0,33;1,65;0,55;1,1
511;GAMBERONI;0;527;19;0;0;0;0;0;0;0;0
512;MAGNUM;1,05;528;7;3,5;0,35;0,175;0,07;0,105;0,525;0,175;0,35
513;CANNOLI;1,05;529;7;3,5;0,35;0,175;0,07;0,105;0,525;0,175;0,35
514;PROFITTEROLES;1,05;530;7;3,5;0,35;0,175;0,07;0,105;0,525;0,175;0,35
515;FAGOTTINO SPIGO;2,1;531;18;7;0,7;0,35;0,14;0,21;1,05;0,35;0,7
516;MOUSSE;1,05;532;7;3,5;0,35;0,175;0,07;0,105;0,525;0,175;0,35
517;FLAN SPINACI;2,1;533;18;7;0,7;0,35;0,14;0,21;1,05;0,35;0,7
518;T.MELE;1,05;534;7;3,5;0,35;0,175;0,07;0,105;0,525;0,175;0,35
52;GORGO NOCI;2,1;52;6;7;0,7;0,35;0,14;0,21;1,05;0,35;0,7
521;PROFITTEROLES BIANCO;1,05;537;7;3,5;0,35;0,175;0,07;0,105;0,525;0,175;0,35
522;TONNO AFF.;2,1;538;18;7;0,7;0,35;0,14;0,21;1,05;0,35;0,7
523;POLIPO;0;539;19;0;0;0;0;0;0;0;0
526;PROSC. E MELONE;2,1;542;18;7;0,7;0,35;0,14;0,21;1,05;0,35;0,7
527;ALICI;2,1;543;18;7;0,7;0,35;0,14;0,21;1,05;0,35;0,7
528;INS.POLLO;2,1;544;18;7;0,7;0,35;0,14;0,21;1,05;0,35;0,7
529;BICCH.BIANCO;0,9;545;16;3;0,3;0,15;0,06;0,09;0,45;0,15;0,3
53;MESSICANA;2,4;53;6;8;0,8;0,4;0,16;0,24;1,2;0,4;0,8
530;BICCH.ROSSO;0,9;546;15;3;0,3;0,15;0,06;0,09;0,45;0,15;0,3
531;T.PANNA;1,05;547;7;3,5;0,35;0,175;0,07;0,105;0,525;0,175;0,35
532;MELONE;0;548;7;0;0;0;0;0;0;0;0
533;FICHIMORI;3,9;549;15;13;1,3;0,65;0,26;0,39;1,95;0,65;1,3
534;T.NOCCIOLA;1,05;550;7;3,5;0,35;0,175;0,07;0,105;0,525;0,175;0,35
535;SALMONE;2,1;551;18;7;0,7;0,35;0,14;0,21;1,05;0,35;0,7
536;INSALATA GAMB;0;552;19;0;0;0;0;0;0;0;0
537;INVOLTINO;0;553;19;0;0;0;0;0;0;0;0
538;FESA;0;554;19;0;0;0;0;0;0;0;0
539;INS.MARE;2,1;555;18;7;0,7;0,35;0,14;0,21;1,05;0,35;0,7
54;GRECA;1,35;54;6;4,5;0,45;0,225;0,09;0,135;0,675;0,225;0,45
540;SPIGOLA;2,1;556;18;7;0,7;0,35;0,14;0,21;1,05;0,35;0,7
541;BRESAOLA;2,1;557;18;7;0,7;0,35;0,14;0,21;1,05;0,35;0,7
543;CASTAGNACCIO;1,05;559;7;3,5;0,35;0,175;0,07;0,105;0,525;0,175;0,35
544;INS.FARRO;2,1;560;18;7;0,7;0,35;0,14;0,21;1,05;0,35;0,7
545;SALMONE;0;561;19;0;0;0;0;0;0;0;0
546;61 BRUT;6;562;16;20;2;1;0,4;0,6;3;1;2
547;61 SATEN;7,5;563;16;25;2,5;1,25;0,5;0,75;3,75;1,25;2,5
548;CELLARIUS BRUT;7,5;564;16;25;2,5;1,25;0,5;0,75;3,75;1,25;2,5
549;CELLARIUS ROSE';7,8;565;16;26;2,6;1,3;0,52;0,78;3,9;1,3;2,6
55;AMERICANA;1,8;55;6;6;0,6;0,3;0,12;0,18;0,9;0,3;0,6
550;MERLUZZO;2,1;566;18;7;0,7;0,35;0,14;0,21;1,05;0,35;0,7
551;TIRAMISU;1,05;567;7;3,5;0,35;0,175;0,07;0,105;0,525;0,175;0,35
552;MIMOSA;1,05;568;7;3,5;0,35;0,175;0,07;0,105;0,525;0,175;0,35
553;GOFFRE;1,05;569;7;3,5;0,35;0,175;0,07;0,105;0,525;0,175;0,35
554;INS.PATA E COZZE;2,1;570;18;7;0,7;0,35;0,14;0,21;1,05;0,35;0,7
555;BAVARESE;1,05;571;7;3,5;0,35;0,175;0,07;0,105;0,525;0,175;0,35
556;BABA;1,05;572;7;3,5;0,35;0,175;0,07;0,105;0,525;0,175;0,35
557;T.FRUTTA;1,05;573;7;3,5;0,35;0,175;0,07;0,105;0,525;0,175;0,35
558;CIAMBELLINE;1,05;575;7;3,5;0,35;0,175;0,07;0,105;0,525;0,175;0,35
559;INS.TOMA.PERE;2,1;576;18;7;0,7;0,35;0,14;0,21;1,05;0,35;0,7
56;NAPOLETANA;1,65;56;6;5,5;0,55;0,275;0,11;0,165;0,825;0,275;0,55
560;MOUSSE;1,05;577;7;3,5;0,35;0,175;0,07;0,105;0,525;0,175;0,35
561;SACHER;1,05;578;7;3,5;0,35;0,175;0,07;0,105;0,525;0,175;0,35
562;RUCOLA;1,5;579;6;5;0,5;0,25;0,1;0,15;0,75;0,25;0,5
563;LITRO COCA;2,7;580;10;9;0,9;0,45;0,18;0,27;1,35;0,45;0,9
564;BAILEYS;0,75;581;11;2,5;0,25;0,125;0,05;0,075;0,375;0,125;0,25
565;SORBETTO MELA;1,05;582;7;3,5;0,35;0,175;0,07;0,105;0,525;0,175;0,35
566;TIMBALLO;1,05;583;7;3,5;0,35;0,175;0,07;0,105;0,525;0,175;0,35
567;TARTIN MELE;1,05;584;7;3,5;0,35;0,175;0,07;0,105;0,525;0,175;0,35
57;SICILIANA;1,65;57;6;5,5;0,55;0,275;0,11;0,165;0,825;0,275;0,55
575;PEPERONATA;0;593;19;0;0;0;0;0;0;0;0
576;PATA FORNO;0;594;19;0;0;0;0;0;0;0;0
577;CRAUTI;0;595;19;0;0;0;0;0;0;0;0
579;PAT FORNO;0,9;597;4;3;0,3;0,15;0,06;0,09;0,45;0,15;0,3
58;CALABRESE;2,1;58;6;7;0,7;0,35;0,14;0,21;1,05;0,35;0,7
581;FLAN PORCINO;2,1;599;18;7;0,7;0,35;0,14;0,21;1,05;0,35;0,7
582;BRISE;0;600;19;0;0;0;0;0;0;0;0
583;TARTIN PRUGNE;1,05;601;7;3,5;0,35;0,175;0,07;0,105;0,525;0,175;0,35
584;CIOCCOLATA CALDA;0;602;17;0;0;0;0;0;0;0;0
585;MERINGHE;1,05;603;7;3,5;0,35;0,175;0,07;0,105;0,525;0,175;0,35
59;DIAVOLA;1,8;59;6;6;0,6;0,3;0,12;0,18;0,9;0,3;0,6
6;SPAGH. VONGOLE;2,55;6;2;8,5;0,85;0,425;0,17;0,255;1,275;0,425;0,85
60;PROSCIUTTO;1,5;60;6;5;0,5;0,25;0,1;0,15;0,75;0,25;0,5
602;PESCHE;1,05;620;7;3,5;0,35;0,175;0,07;0,105;0,525;0,175;0,35
604;T.LIMONE;1,05;622;7;3,5;0,35;0,175;0,07;0,105;0,525;0,175;0,35
605;FRAGOLE;1,05;623;7;3,5;0,35;0,175;0,07;0,105;0,525;0,175;0,35
606;GAMBERETTI;2,1;624;18;7;0,7;0,35;0,14;0,21;1,05;0,35;0,7
61;PROSC.CHAMP;1,95;61;6;6,5;0,65;0,325;0,13;0,195;0,975;0,325;0,65
612;POLENTA;2,4;631;;8;0,8;0,4;0,16;0,24;1,2;0,4;0,8
613;CHEESE CAKE FRAGOLE;1,05;632;7;3,5;0,35;0,175;0,07;0,105;0,525;0,175;0,35
614;CHEESE CAKE CIOCCO;1,05;633;7;3,5;0,35;0,175;0,07;0,105;0,525;0,175;0,35
62;PROSC. PORC.;2,1;62;6;7;0,7;0,35;0,14;0,21;1,05;0,35;0,7
622;SACHER;1,05;641;7;3,5;0,35;0,175;0,07;0,105;0,525;0,175;0,35
623;FESA;2,1;642;18;7;0,7;0,35;0,14;0,21;1,05;0,35;0,7
624;MELONE;1,05;643;7;3,5;0,35;0,175;0,07;0,105;0,525;0,175;0,35
625;VIT.TONN;2,1;644;18;7;0,7;0,35;0,14;0,21;1,05;0,35;0,7
626;FLAN;0;645;19;0;0;0;0;0;0;0;0
627;CIAMBELLE;1,05;646;7;3,5;0,35;0,175;0,07;0,105;0,525;0,175;0,35
629;MERLUZZO;0;648;19;0;0;0;0;0;0;0;0
63;FUNGHI;1,8;63;6;6;0,6;0,3;0,12;0,18;0,9;0,3;0,6
638;POLIPO;2,1;657;18;7;0,7;0,35;0,14;0,21;1,05;0,35;0,7
639;MOUSSE;1,05;658;7;3,5;0,35;0,175;0,07;0,105;0,525;0,175;0,35
64;4 STAGIONI;2,25;64;6;7,5;0,75;0,375;0,15;0,225;1,125;0,375;0,75
640;FLAN;2,1;659;18;7;0,7;0,35;0,14;0,21;1,05;0,35;0,7
641;PESCHE;1,05;660;7;3,5;0,35;0,175;0,07;0,105;0,525;0,175;0,35
642;CATALANA;1,05;661;7;3,5;0,35;0,175;0,07;0,105;0,525;0,175;0,35
643;FAGOTTINO;1,05;662;7;3,5;0,35;0,175;0,07;0,105;0,525;0,175;0,35
644;RICOTTA;1,05;663;7;3,5;0,35;0,175;0,07;0,105;0,525;0,175;0,35
65;4 FORMAGGI;2,25;65;6;7,5;0,75;0,375;0,15;0,225;1,125;0,375;0,75
66;RUSTICA;2,1;66;6;7;0,7;0,35;0,14;0,21;1,05;0,35;0,7
660;SOUFFLE;1,05;679;7;3,5;0,35;0,175;0,07;0,105;0,525;0,175;0,35
661;1000 FOGLIE;1,05;680;7;3,5;0,35;0,175;0,07;0,105;0,525;0,175;0,35
662;OPEN 25CL;1,2;703;9;4;0,4;0,2;0,08;0,12;0,6;0,2;0,4
663;SUPER 25CL;1,2;704;9;4;0,4;0,2;0,08;0,12;0,6;0,2;0,4
664;URGENTE;0;705;12;0;0;0;0;0;0;0;0
665;GRANT'S;1,05;706;11;3,5;0,35;0,175;0,07;0,105;0,525;0,175;0,35
666;GLEN;1,05;707;11;3,5;0,35;0,175;0,07;0,105;0,525;0,175;0,35
668;KAORI;1,95;709;6;6,5;0,65;0,325;0,13;0,195;0,975;0,325;0,65
669;LIGURE;1,95;710;6;6,5;0,65;0,325;0,13;0,195;0,975;0,325;0,65
67;WURSTEL;1,5;67;6;5;0,5;0,25;0,1;0,15;0,75;0,25;0,5
670;VECCHIA LOCANDA;2,1;711;6;7;0,7;0,35;0,14;0,21;1,05;0,35;0,7
671;MEDITERRANEA;2,25;712;6;7,5;0,75;0,375;0,15;0,225;1,125;0,375;0,75
672;UNO 1;1,8;713;9;6;0,6;0,3;0,12;0,18;0,9;0,3;0,6
673;GILDA;1,95;714;9;6,5;0,65;0,325;0,13;0,195;0,975;0,325;0,65
674;MOLTO MALTO;1,95;715;9;6,5;0,65;0,325;0,13;0,195;0,975;0,325;0,65
675;SALVIA;0;716;19;0;0;0;0;0;0;0;0
676;VONGOLE;0;717;19;0;0;0;0;0;0;0;0
677;PHILADELPHIA;0;718;12;0;0;0;0;0;0;0;0
678;PESTO;0;719;12;0;0;0;0;0;0;0;0
679;OLIVE LIGURI;0,15;720;12;0,5;0,05;0,025;0,01;0,015;0,075;0,025;0,05
68;PORCINI;2,1;68;6;7;0,7;0,35;0,14;0,21;1,05;0,35;0,7
680;SALSICCIA PICCANTE;0;721;12;0;0;0;0;0;0;0;0
681;SPADA;0;722;12;0;0;0;0;0;0;0;0
683;COZZE;2,25;724;3;7,5;0,75;0,375;0,15;0,225;1,125;0,375;0,75
684;LACRIMA ROSA;3,6;725;16;12;1,2;0,6;0,24;0,36;1,8;0,6;1,2
685;LAGREIN ROSE;3,9;726;16;13;1,3;0,65;0,26;0,39;1,95;0,65;1,3
686;LUMERA ROSE;3,9;727;16;13;1,3;0,65;0,26;0,39;1,95;0,65;1,3
687;PINOT BIANCO;4,05;728;16;13,5;1,35;0,675;0,27;0,405;2,025;0,675;1,35
688;GRECO DI TUFO;4,8;729;16;16;1,6;0,8;0,32;0,48;2,4;0,8;1,6
689;FALANGHINA;4,05;730;16;13,5;1,35;0,675;0,27;0,405;2,025;0,675;1,35
69;STRACCH. E RUC.;1,8;69;6;6;0,6;0,3;0,12;0,18;0,9;0,3;0,6
690;ETNA BIANCO;3,75;731;16;12,5;1,25;0,625;0,25;0,375;1,875;0,625;1,25
691;CHIARAMONTE;3,6;732;16;12;1,2;0,6;0,24;0,36;1,8;0,6;1,2
692;BAROLO;8,4;733;15;28;2,8;1,4;0,56;0,84;4,2;1,4;2,8
693;RUIT HORA;5,7;734;15;19;1,9;0,95;0,38;0,57;2,85;0,95;1,9
694;ETNA ROSSO;3,9;735;15;13;1,3;0,65;0,26;0,39;1,95;0,65;1,3
695;ALTAVILLA;3,6;736;15;12;1,2;0,6;0,24;0,36;1,8;0,6;1,2
696;MOSCATO;3,9;737;28;13;1,3;0,65;0,26;0,39;1,95;0,65;1,3
697;BAROLO CHINATO;1,2;738;28;4;0,4;0,2;0,08;0,12;0,6;0,2;0,4
698;BEN RYE;1,5;739;28;5;0,5;0,25;0,1;0,15;0,75;0,25;0,5
699;PASSITO;1,35;740;28;4,5;0,45;0,225;0,09;0,135;0,675;0,225;0,45
7;TAGL. PORC.;2,1;7;2;7;0,7;0,35;0,14;0,21;1,05;0,35;0,7
70;BIANCANEVE;1,2;70;6;4;0,4;0,2;0,08;0,12;0,6;0,2;0,4
700;BABY 4FORM.;1,8;741;29;6;0,6;0,3;0,12;0,18;0,9;0,3;0,6
701;BABY 4STAG.;1,8;742;29;6;0,6;0,3;0,12;0,18;0,9;0,3;0,6
702;BABY AMER.;1,35;743;29;4,5;0,45;0,225;0,09;0,135;0,675;0,225;0,45
703;BABY ASPARAGI;1,8;744;29;6;0,6;0,3;0,12;0,18;0,9;0,3;0,6
704;BABY BERGE;1,5;745;29;5;0,5;0,25;0,1;0,15;0,75;0,25;0,5
705;BABY BIANCANEVE;1,05;746;29;3,5;0,35;0,175;0,07;0,105;0,525;0,175;0,35
706;BABY BISMARK;1,35;747;29;4,5;0,45;0,225;0,09;0,135;0,675;0,225;0,45
707;BABY BOSCAIOLA;1,8;748;29;6;0,6;0,3;0,12;0,18;0,9;0,3;0,6
708;BABY BUFALINA;1,5;749;29;5;0,5;0,25;0,1;0,15;0,75;0,25;0,5
709;BABY CONT;1,95;750;29;6,5;0,65;0,325;0,13;0,195;0,975;0,325;0,65
71;GORGO PERE;1,8;71;6;6;0,6;0,3;0,12;0,18;0,9;0,3;0,6
710;BABY CRUDO;1,65;751;29;5,5;0,55;0,275;0,11;0,165;0,825;0,275;0,55
711;BABY DIAVOLA;1,5;752;29;5;0,5;0,25;0,1;0,15;0,75;0,25;0,5
712;BABY  FUNGHI;1,5;753;29;5;0,5;0,25;0,1;0,15;0,75;0,25;0,5
713;BABY GORGO;1,35;754;29;4,5;0,45;0,225;0,09;0,135;0,675;0,225;0,45
714;BABY GRECA;1,2;755;29;4;0,4;0,2;0,08;0,12;0,6;0,2;0,4
715;BABY MARGH;1,05;756;29;3,5;0,35;0,175;0,07;0,105;0,525;0,175;0,35
716;BABY NAPOLI;1,35;757;29;4,5;0,45;0,225;0,09;0,135;0,675;0,225;0,45
717;BABY PAZZA;1,95;758;29;6,5;0,65;0,325;0,13;0,195;0,975;0,325;0,65
718;BABY PORC;1,8;759;29;6;0,6;0,3;0,12;0,18;0,9;0,3;0,6
719;BABY PROSC;1,35;760;29;4,5;0,45;0,225;0,09;0,135;0,675;0,225;0,45
72;BISMARK;1,65;72;6;5,5;0,55;0,275;0,11;0,165;0,825;0,275;0,55
720;BABY RUSTICA;1,8;761;29;6;0,6;0,3;0,12;0,18;0,9;0,3;0,6
721;BABY SFIZIOSA;1,95;762;29;6,5;0,65;0,325;0,13;0,195;0,975;0,325;0,65
722;BABY SICILIANA;1,35;763;29;4,5;0,45;0,225;0,09;0,135;0,675;0,225;0,45
723;BABY SPECK E BRIE;1,8;764;29;6;0,6;0,3;0,12;0,18;0,9;0,3;0,6
724;BABY STRAC.RUC;1,5;765;29;5;0,5;0,25;0,1;0,15;0,75;0,25;0,5
725;BABY VALDOSTANA;1,5;766;29;5;0,5;0,25;0,1;0,15;0,75;0,25;0,5
726;BABY VEGETARIANA;1,95;767;29;6,5;0,65;0,325;0,13;0,195;0,975;0,325;0,65
737;VALCHIRIA;2,1;778;9;7;0,7;0,35;0,14;0,21;1,05;0,35;0,7
738;CARMEN;2,1;779;9;7;0,7;0,35;0,14;0,21;1,05;0,35;0,7
74;PAZZA;2,25;74;6;7,5;0,75;0,375;0,15;0,225;1,125;0,375;0,75
748;FUNGHI FRESCHI;0,6;789;19;2;0,2;0,1;0,04;0,06;0,3;0,1;0,2
749;FUNGHI FRESCHI;0;790;12;0;0;0;0;0;0;0;0
75;ASPARAGI;2,1;75;6;7;0,7;0,35;0,14;0,21;1,05;0,35;0,7
750;CASTELMAGNO;0;791;19;0;0;0;0;0;0;0;0
751;FLAN PORCINI;0;792;19;0;0;0;0;0;0;0;0
752;BATTUTA;0;793;19;0;0;0;0;0;0;0;0
753;FONDUTA;0;794;19;0;0;0;0;0;0;0;0
755;RICOTTA;1,05;801;7;3,5;0,35;0,175;0,07;0,105;0,525;0,175;0,35
756;CROSTONE SALMO;2,4;802;32;8;0,8;0,4;0,16;0,24;1,2;0,4;0,8
757;VOUL AU VENT;2,1;803;32;7;0,7;0,35;0,14;0,21;1,05;0,35;0,7
758;AMORINI;2,25;804;32;7,5;0,75;0,375;0,15;0,225;1,125;0,375;0,75
759;GARGANELLI;2,1;805;32;7;0,7;0,35;0,14;0,21;1,05;0,35;0,7
76;BOSCAIOLA;2,25;76;6;7,5;0,75;0,375;0,15;0,225;1,125;0,375;0,75
760;BRANZINO MEDIT;4,05;806;32;13,5;1,35;0,675;0,27;0,405;2,025;0,675;1,35
761;BICCH.CELLARIUS ROSE';1,35;807;32;4,5;0,45;0,225;0,09;0,135;0,675;0,225;0,45
762;BICCH.CELLARIUS BRUT;1,2;808;32;4;0,4;0,2;0,08;0,12;0,6;0,2;0,4
763;BICCH.MOSCATO;1,05;809;32;3,5;0,35;0,175;0,07;0,105;0,525;0,175;0,35
764;BICCH.BOLGHERI;1,2;810;32;4;0,4;0,2;0,08;0,12;0,6;0,2;0,4
765;ANT.MIX;3;811;33;10;1;0,5;0,2;0,3;1,5;0,5;1
766;ANT.SINGOLO;2,1;812;33;7;0,7;0,35;0,14;0,21;1,05;0,35;0,7
767;MIX. MARE;2,1;813;33;7;0,7;0,35;0,14;0,21;1,05;0,35;0,7
768;MIX.TERRA;2,1;814;33;7;0,7;0,35;0,14;0,21;1,05;0,35;0,7
769;SP.SCOGLIO;3,15;815;33;10,5;1,05;0,525;0,21;0,315;1,575;0,525;1,05
77;SPECK E PANNA;1,95;77;6;6,5;0,65;0,325;0,13;0,195;0,975;0,325;0,65
770;SP.VONGOLE;2,55;816;33;8,5;0,85;0,425;0,17;0,255;1,275;0,425;0,85
771;TAGL.PORC;2,1;817;33;7;0,7;0,35;0,14;0,21;1,05;0,35;0,7
772;TAGL.VECCHIA;2,25;818;33;7,5;0,75;0,375;0,15;0,225;1,125;0,375;0,75
773;ORECCH.GAMB.ZUCCH.;2,25;819;33;7,5;0,75;0,375;0,15;0,225;1,125;0,375;0,75
774;ORECCH.SPADA POMO.;2,25;820;33;7,5;0,75;0,375;0,15;0,225;1,125;0,375;0,75
775;AGNOLOTTI RAGU';1,95;821;33;6,5;0,65;0,325;0,13;0,195;0,975;0,325;0,65
776;GNOCCHI PESTO ROSSO;2,25;822;33;7,5;0,75;0,375;0,15;0,225;1,125;0,375;0,75
777;GNOCCHI SALMO;1,95;823;33;6,5;0,65;0,325;0,13;0,195;0,975;0,325;0,65
778;RISOTTO;3,15;824;33;10,5;1,05;0,525;0,21;0,315;1,575;0,525;1,05
779;PAELLA;3,75;825;33;12,5;1,25;0,625;0,25;0,375;1,875;0,625;1,25
78;VALDOSTANA;1,8;78;6;6;0,6;0,3;0,12;0,18;0,9;0,3;0,6
780;ORECCH. POMO.;1,5;826;33;5;0,5;0,25;0,1;0,15;0,75;0,25;0,5
781;SCALOPP.PORC.;2,25;827;33;7,5;0,75;0,375;0,15;0,225;1,125;0,375;0,75
782;SCALOPP.VINO;1,8;828;33;6;0,6;0,3;0,12;0,18;0,9;0,3;0,6
783;COSTATA;3;829;33;10;1;0,5;0,2;0,3;1,5;0,5;1
784;FILETTO PIASTRA;4,05;830;33;13,5;1,35;0,675;0,27;0,405;2,025;0,675;1,35
785;FILETTO PEPE VERDE;4,35;831;33;14,5;1,45;0,725;0,29;0,435;2,175;0,725;1,45
786;FILETTO PORC.;4,5;832;33;15;1,5;0,75;0,3;0,45;2,25;0,75;1,5
787;MILANESE;1,95;833;33;6,5;0,65;0,325;0,13;0,195;0,975;0,325;0,65
788;BRANZINO LIGURE;3,45;834;33;11,5;1,15;0,575;0,23;0,345;1,725;0,575;1,15
789;FRITTO MIX;3,6;835;33;12;1,2;0,6;0,24;0,36;1,8;0,6;1,2
79;MONTANARA;2,4;79;6;8;0,8;0,4;0,16;0,24;1,2;0,4;0,8
790;GUAZZETTO COZZE VONGOLE;2,7;836;33;9;0,9;0,45;0,18;0,27;1,35;0,45;0,9
791;GRIGLIATA PESCE;4,2;837;33;14;1,4;0,7;0,28;0,42;2,1;0,7;1,4
792;SPADA PIASTRA;2,55;838;33;8,5;0,85;0,425;0,17;0,255;1,275;0,425;0,85
793;ARROSTICINI;3;839;33;10;1;0,5;0,2;0,3;1,5;0,5;1
794;FRITTO CALAMARI;2,7;840;33;9;0,9;0,45;0,18;0,27;1,35;0,45;0,9
795;BRANZINO PIASTRA;3,3;841;33;11;1,1;0,55;0,22;0,33;1,65;0,55;1,1
796;PATATINE;0,9;842;33;3;0,3;0,15;0,06;0,09;0,45;0,15;0,3
797;INS.VERDE;0,9;843;33;3;0,3;0,15;0,06;0,09;0,45;0,15;0,3
798;INS.POMO;0,9;844;33;3;0,3;0,15;0,06;0,09;0,45;0,15;0,3
799;INS.MIX;0,9;845;33;3;0,3;0,15;0,06;0,09;0,45;0,15;0,3
8;TAGL. VECCHIA LOC.;2,25;8;2;7,5;0,75;0,375;0,15;0,225;1,125;0,375;0,75
80;MARINARA;0,9;80;6;3;0,3;0,15;0,06;0,09;0,45;0,15;0,3
800;INSALATONA;1,65;846;33;5,5;0,55;0,275;0,11;0,165;0,825;0,275;0,55
801;VERDURE GRIGL.;1,65;847;33;5,5;0,55;0,275;0,11;0,165;0,825;0,275;0,55
802;BRESAOLA;2,1;848;33;7;0,7;0,35;0,14;0,21;1,05;0,35;0,7
803;SALMONE;2,1;849;33;7;0,7;0,35;0,14;0,21;1,05;0,35;0,7
804;T.SALATA;2,1;850;33;7;0,7;0,35;0,14;0,21;1,05;0,35;0,7
806;COZZA;2,25;852;33;7,5;0,75;0,375;0,15;0,225;1,125;0,375;0,75
807;AFFETTATO MIX;1,5;853;33;5;0,5;0,25;0,1;0,15;0,75;0,25;0,5
808;AFF.COTTO;0,9;854;33;3;0,3;0,15;0,06;0,09;0,45;0,15;0,3
809;AFF.CRUDO;1,5;855;33;5;0,5;0,25;0,1;0,15;0,75;0,25;0,5
81;CONTADINA;2,25;81;6;7,5;0,75;0,375;0,15;0,225;1,125;0,375;0,75
812;THE LIMONE;0,75;858;10;2,5;0,25;0,125;0,05;0,075;0,375;0,125;0,25
813;THE PESCA;0,75;859;10;2,5;0,25;0,125;0,05;0,075;0,375;0,125;0,25
814;GNOCCHI PESTO ROSSO;2,25;860;2;7,5;0,75;0,375;0,15;0,225;1,125;0,375;0,75
815;GNOCCHI SALMONE;1,95;861;2;6,5;0,65;0,325;0,13;0,195;0,975;0,325;0,65
816;GNOCCHI;0;862;19;0;0;0;0;0;0;0;0
817;GALLINELLA;3,45;863;3;11,5;1,15;0,575;0,23;0,345;1,725;0,575;1,15
818;PISELLI;0;864;19;0;0;0;0;0;0;0;0
819;SALMONATA;1,95;865;6;6,5;0,65;0,325;0,13;0,195;0,975;0,325;0,65
82;BERGE';1,8;82;6;6;0,6;0,3;0,12;0,18;0,9;0,3;0,6
820;GALLINELLA;3,45;866;33;11,5;1,15;0,575;0,23;0,345;1,725;0,575;1,15
821;BRESAOLA;2,1;867;18;7;0,7;0,35;0,14;0,21;1,05;0,35;0,7
822;ANGUS;0;868;19;0;0;0;0;0;0;0;0
823;AGNOLOTTI PESCE;2,1;869;2;7;0,7;0,35;0,14;0,21;1,05;0,35;0,7
824;CARTOCCIO;2,7;870;3;9;0,9;0,45;0,18;0,27;1,35;0,45;0,9
83;TONNO;1,5;83;6;5;0,5;0,25;0,1;0,15;0,75;0,25;0,5
835;FREISA;4,2;881;15;14;1,4;0,7;0,28;0,42;2,1;0,7;1,4
836;FINISSIMA;2,1;882;33;7;0,7;0,35;0,14;0,21;1,05;0,35;0,7
837;COCAZERO;0,75;884;10;2,5;0,25;0,125;0,05;0,075;0,375;0,125;0,25
838;PEPERONI;1,8;885;6;6;0,6;0,3;0,12;0,18;0,9;0,3;0,6
84;AL DRAGO;1,8;84;6;6;0,6;0,3;0,12;0,18;0,9;0,3;0,6
840;BICCH.SUR SUR;0,9;887;30;3;0,3;0,15;0,06;0,09;0,45;0,15;0,3
841;BICCH.SOFI MULLER;0,9;888;30;3;0,3;0,15;0,06;0,09;0,45;0,15;0,3
842;BICCH.SOFI ROSATO;0,9;889;30;3;0,3;0,15;0,06;0,09;0,45;0,15;0,3
843;BICCH.TERLANER;0,9;890;30;3;0,3;0,15;0,06;0,09;0,45;0,15;0,3
844;BICCH.BLANC DE LA VAL;0,9;891;30;3;0,3;0,15;0,06;0,09;0,45;0,15;0,3
845;BICCH. 61 SATEN;1,2;892;30;4;0,4;0,2;0,08;0,12;0,6;0,2;0,4
846;BICCH.61 BRUT;1,2;893;30;4;0,4;0,2;0,08;0,12;0,6;0,2;0,4
847;BICCH.FICHIMORI;0,9;894;30;3;0,3;0,15;0,06;0,09;0,45;0,15;0,3
85;LUCA;2,25;85;6;7,5;0,75;0,375;0,15;0,225;1,125;0,375;0,75
850;FOCACCIA MORTADELLA;1,5;897;5;5;0,5;0,25;0,1;0,15;0,75;0,25;0,5
851;BICCH. PRIO;0,9;898;30;3;0,3;0,15;0,06;0,09;0,45;0,15;0,3
852;BICCH.MECZAN;0,9;899;30;3;0,3;0,15;0,06;0,09;0,45;0,15;0,3
853;GEL.NOCC.NOSTRO;1,05;900;7;3,5;0,35;0,175;0,07;0,105;0,525;0,175;0,35
854;GEL.CREMA.NOSTRO;1,05;901;7;3,5;0,35;0,175;0,07;0,105;0,525;0,175;0,35
855;GEL.GIANDUJA NOSTRO;1,05;902;7;3,5;0,35;0,175;0,07;0,105;0,525;0,175;0,35
856;GEL.MIX.NOSTRO;1,05;903;7;3,5;0,35;0,175;0,07;0,105;0,525;0,175;0,35
859;POLPETTINE;2,1;906;18;7;0,7;0,35;0,14;0,21;1,05;0,35;0,7
86;BUFALINA;1,8;86;6;6;0,6;0,3;0,12;0,18;0,9;0,3;0,6
860;SPADA MAR;2,1;907;18;7;0,7;0,35;0,14;0,21;1,05;0,35;0,7
862;PISTACCHIO;1,05;910;7;3,5;0,35;0,175;0,07;0,105;0,525;0,175;0,35
863;BRIOCHE;0,36;911;;1,2;0,12;0,06;0,024;0,036;0,18;0,06;0,12
87;GORG. CIPOLLA;1,8;87;6;6;0,6;0,3;0,12;0,18;0,9;0,3;0,6
88;VEGETARIANA;2,25;88;6;7,5;0,75;0,375;0,15;0,225;1,125;0,375;0,75
9;ORECCH. GAMB. ZUCCH.  ZAFF.;2,25;9;2;7,5;0,75;0,375;0,15;0,225;1,125;0,375;0,75
94;BIANC. SPINA 1L;2,1;94;8;7;0,7;0,35;0,14;0,21;1,05;0,35;0,7
95;BIANC. SPINA 1/2L;1,05;95;8;3,5;0,35;0,175;0,07;0,105;0,525;0,175;0,35
96;BIANC. SPINA 1/4L;0,6;96;8;2;0,2;0,1;0,04;0,06;0,3;0,1;0,2
97;ROSSO SF. 1L;2,1;97;8;7;0,7;0,35;0,14;0,21;1,05;0,35;0,7
98;ROSSO SF. 1/2L;1,05;98;8;3,5;0,35;0,175;0,07;0,105;0,525;0,175;0,35
99;ROSSO SF. 1/4L;0,6;99;8;2;0,2;0,1;0,04;0,06;0,3;0,1;0,2
